shift_pixels_x,depth_shift_z_pixels,rmse_before_moving_prime_vs_moving,rmse_after_moving_prime_vs_moved,rmse_lung_after_moving_prime_vs_moved,ms_ssim_after_moving_prime_vs_moved,dice_after_warped_moving_mask_vs_moving_prime_mask,folding_rate_predicted_dvf,dvf_rmse_vs_known_translation_lowres,predicted_flow_x_mean_lowres,analysis_rmse_moving_prime_vs_moved,downsampled_rmse_moving_prime_vs_moved,upsampled_rmse_moving_prime_vs_moved,synthesis_component_rmse_moving_prime_vs_moved
0,0,5.731854457735608e-07,0.005005666520446539,nan,0.5014038681983948,nan,1.9682578567881137e-05,0.39809301495552063,0.06987058371305466,0.004988803528249264,0.004999935626983643,0.0017677441937848926,0.0017678128788247705
1,0,0.04233550280332565,0.020204691216349602,nan,0.49469631910324097,nan,0.00021355599164962769,0.47599753737449646,0.6038188338279724,0.020166771486401558,0.020198417827486992,0.007141219452023506,0.007140588015317917
2,0,0.06400411576032639,0.010098504833877087,nan,0.49908119440078735,nan,1.968257947737584e-06,0.5240247249603271,1.4374110698699951,0.010077731683850288,0.010092043317854404,0.003568075830116868,0.0035678206477314234
3,0,0.07714325934648514,0.02306300401687622,nan,0.491423100233078,nan,0.0003385403542779386,0.8697572946548462,1.8867545127868652,0.02301606349647045,0.023056237027049065,0.008151611313223839,0.008150802925229073
4,0,0.0883159264922142,0.02112002670764923,nan,0.49168336391448975,nan,0.0012587009696289897,1.2479737997055054,2.22509765625,0.021071908995509148,0.021112820133566856,0.0074645099230110645,0.007463776972144842
5,0,0.09857430309057236,0.027463799342513084,nan,0.48529884219169617,nan,0.003818420460447669,1.5928572416305542,2.6522059440612793,0.027398742735385895,0.02745731733739376,0.009707626886665821,0.009706621058285236
6,0,0.10782067477703094,0.02630488947033882,nan,0.4843505024909973,nan,0.005296582356095314,2.062143325805664,2.8570361137390137,0.026244517415761948,0.026297731325030327,0.009297652170062065,0.009296715259552002
7,0,0.11595090478658676,0.030581975355744362,nan,0.4783637523651123,nan,0.0062344572506845,2.5256640911102295,3.062110662460327,0.030512098222970963,0.030575333163142204,0.010810012929141521,0.010808875784277916
8,0,0.12341233342885971,0.03388272225856781,nan,0.47106611728668213,nan,0.007115252315998077,3.0513200759887695,3.1534981727600098,0.033805593848228455,0.03387608379125595,0.011977004818618298,0.011975795030593872
9,0,0.13042236864566803,0.0400775708258152,nan,0.45638713240623474,nan,0.008472366258502007,3.584882974624634,3.224666118621826,0.03998958319425583,0.040071889758110046,0.014167551882565022,0.01416607666760683
10,0,0.13696777820587158,0.047653261572122574,nan,0.43628132343292236,nan,0.010004655458033085,4.1806864738464355,3.188093662261963,0.04755027964711189,0.04764867573976517,0.016846351325511932,0.016844531521201134
11,0,0.14314819872379303,0.055717773735523224,nan,0.4151764512062073,nan,0.011612721718847752,4.798762798309326,3.1121714115142822,0.05559484288096428,0.05571427568793297,0.019697971642017365,0.019695909693837166
12,0,0.14898420870304108,0.06591704487800598,nan,0.3920038044452667,nan,0.013113518245518208,5.485793590545654,2.913419008255005,0.06576211750507355,0.065914586186409,0.023304324597120285,0.023301847279071808
13,0,0.15454627573490143,0.07747198641300201,nan,0.369552880525589,nan,0.015420316718518734,6.1893229484558105,2.682992935180664,0.07728344202041626,0.07747038453817368,0.02738991752266884,0.027386991307139397
14,0,0.15985828638076782,0.0896875411272049,nan,0.34779489040374756,nan,0.01770447939634323,6.9049296379089355,2.424879789352417,0.0894632339477539,0.08968693017959595,0.03170911967754364,0.031705696135759354
15,0,0.1649080365896225,0.1021757423877716,nan,0.3269568383693695,nan,0.01923578418791294,7.631399154663086,2.153994083404541,0.10192950069904327,0.10217554122209549,0.03612450882792473,0.03612072765827179
16,0,0.16969670355319977,0.11266771703958511,nan,0.31020644307136536,nan,0.019609753042459488,8.350682258605957,1.8885871171951294,0.11240509152412415,0.1126680076122284,0.0398341566324234,0.03982991352677345
17,0,0.17429184913635254,0.1208638995885849,nan,0.2976277470588684,nan,0.020512200891971588,9.032398223876953,1.70054292678833,0.12058426439762115,0.12086483836174011,0.042732175439596176,0.042727600783109665
18,0,0.1786659210920334,0.12795259058475494,nan,0.2857357859611511,nan,0.020757248625159264,9.708773612976074,1.5118558406829834,0.12766239047050476,0.12795381247997284,0.04523850232362747,0.04523362219333649
19,0,0.18283143639564514,0.13278578221797943,nan,0.2766028642654419,nan,0.020580105483531952,10.321627616882324,1.4361177682876587,0.13248535990715027,0.13278700411319733,0.04694729670882225,0.04694223776459694
20,0,0.18680813908576965,0.13654151558876038,nan,0.26970070600509644,nan,0.020553532987833023,10.924652099609375,1.3747830390930176,0.13622458279132843,0.13654246926307678,0.04827504977583885,0.04826991260051727
21,0,0.19059188663959503,0.14001429080963135,nan,0.2630956768989563,nan,0.021133186295628548,11.504005432128906,1.3599050045013428,0.13968923687934875,0.14001509547233582,0.04950280860066414,0.0494975708425045
22,0,0.19417843222618103,0.14466172456741333,nan,0.2555481791496277,nan,0.021477630361914635,12.07699966430664,1.3544551134109497,0.1443193256855011,0.14466235041618347,0.05114586278796196,0.05114046111702919
23,0,0.1975947916507721,0.14797857403755188,nan,0.2502771317958832,nan,0.021784678101539612,12.645384788513184,1.3612935543060303,0.14762209355831146,0.1479792445898056,0.05231856182217598,0.05231304094195366
24,0,0.20086559653282166,0.15220864117145538,nan,0.2432730346918106,nan,0.021868329495191574,13.211710929870605,1.3707003593444824,0.15183348953723907,0.1522095799446106,0.05381421372294426,0.05380852147936821
25,0,0.20398372411727905,0.15620839595794678,nan,0.23702919483184814,nan,0.022107472643256187,13.788385391235352,1.366234540939331,0.15581676363945007,0.15620984137058258,0.055228523910045624,0.055222563445568085
26,0,0.20696133375167847,0.15963895618915558,nan,0.2316809445619583,nan,0.02261725254356861,14.379656791687012,1.3334482908248901,0.15921106934547424,0.15964031219482422,0.05644137039780617,0.05643538758158684
27,0,0.2098011076450348,0.1627892702817917,nan,0.2268049120903015,nan,0.023070935159921646,14.945645332336426,1.3437631130218506,0.16234764456748962,0.1627907007932663,0.05755520612001419,0.05754907429218292
28,0,0.21250993013381958,0.16634982824325562,nan,0.22167055308818817,nan,0.02371160313487053,15.517913818359375,1.3438613414764404,0.16588690876960754,0.16635137796401978,0.058814097195863724,0.05880783125758171
29,0,0.2150510847568512,0.16919627785682678,nan,0.21746943891048431,nan,0.0243699848651886,16.1123046875,1.308394432067871,0.16871583461761475,0.16919803619384766,0.05982054024934769,0.059814125299453735
30,0,0.21744371950626373,0.17318174242973328,nan,0.21266545355319977,nan,0.024877795949578285,16.724693298339844,1.2412822246551514,0.1726853847503662,0.1731836497783661,0.06122966855764389,0.061223145574331284
31,0,0.21971796452999115,0.17617204785346985,nan,0.20877592265605927,nan,0.02461404912173748,17.317161560058594,1.2095541954040527,0.17565526068210602,0.17617426812648773,0.06228701025247574,0.06228030472993851
32,0,0.22188131511211395,0.18045532703399658,nan,0.20323757827281952,nan,0.024499891325831413,17.931140899658203,1.1406896114349365,0.1799173206090927,0.18045750260353088,0.0638013631105423,0.0637945681810379
33,0,0.22393925487995148,0.1842157542705536,nan,0.19839978218078613,nan,0.024937829002738,18.52361297607422,1.112246036529541,0.18366126716136932,0.18421818315982819,0.06513096392154694,0.06512401252985
34,0,0.22592143714427948,0.18721570074558258,nan,0.19435904920101166,nan,0.024968335404992104,19.116003036499023,1.0825886726379395,0.18663805723190308,0.18721823394298553,0.0661916434764862,0.06618457287549973
35,0,0.22780191898345947,0.18918204307556152,nan,0.19208954274654388,nan,0.025378717109560966,19.693294525146484,1.0808066129684448,0.18857328593730927,0.18918465077877045,0.06688687205314636,0.0668797492980957
36,0,0.22953690588474274,0.19240882992744446,nan,0.18807314336299896,nan,0.025461385026574135,20.277875900268555,1.0610177516937256,0.19178809225559235,0.19241148233413696,0.06802773475646973,0.06802047044038773
37,0,0.23117360472679138,0.1948201060295105,nan,0.1855158507823944,nan,0.025262590497732162,20.87517738342285,1.0244790315628052,0.1941937804222107,0.19482289254665375,0.06888029724359512,0.06887301057577133
38,0,0.23271846771240234,0.19691669940948486,nan,0.18320265412330627,nan,0.025332463905215263,21.48829460144043,0.9620800018310547,0.1962694525718689,0.19691985845565796,0.06962168216705322,0.06961425393819809
39,0,0.2341679483652115,0.19868996739387512,nan,0.18159928917884827,nan,0.024921098724007607,22.072240829467773,0.9475513100624084,0.19803012907505035,0.19869336485862732,0.07024870812892914,0.07024127244949341
40,0,0.23554198443889618,0.20087029039859772,nan,0.17919325828552246,nan,0.02450382709503174,22.675724029541016,0.8992243409156799,0.200203537940979,0.20087377727031708,0.07101959735155106,0.07101207971572876
